,headlines
0,"India News: Today's latest updates and breaking news from India, Live India News - NDTV.com
NDTVहिन्दीBUSINESSMOVIESCRICKETTECHFOODCRYPTOWEB STORIESEDUCATIONAUTOSWASTHLIFESTYLEHEALTHSHOPPINGARTLIVE TV LATEST COVID-19 INDIA VIDEO OPINION WORLD CITIES OFFBEAT TRENDS Photos SOUTHPEOPLEScienceJobsWEATHERTV ScheduleTrainsSearchHomeIndia NewsIndia NewsCops Found Drunk, Enjoying Food At Punjab Chief Minister's Son's Wedding
															Reported by Mohammed Ghazali, Edited by Akhil Kumar  | Thursday October 14, 2021                                                        
                                                        Several uniformed police personnel were drunk at the wedding function of the Punjab Chief Minister's son, a senior police officer has revealed in a letter to the state's top cop.2 Arrested For Allegedly Abducting, Raping Girl In UPPress Trust of India   | Thursday October 14, 2021, Baghpat                                                        
                                                        Two people were on Wednesday arrested for allegedly abducting and raping a girl in Uttar Pradesh's Badaut, police said.Centre's New Rules For Abortion Till 24 Weeks Of PregnancyPress Trust of India   | Thursday October 14, 2021                                                        
                                                        The government has notified new rules under which the gestational limit for termination of a pregnancy has been increased from 20 to 24 weeks for certain categories of women.14 New Judges Appointed To Three High CourtsPress Trust of India   | Thursday October 14, 2021, New Delhi                                                        
                                                        The Department of Justice in the Law Ministry issued a list of the latest set of appointments.Covid Protocol Violations On the Rise, Centre Warns Next 3 Months Crucial
															Written by Shonakshi Chakravarty  | Thursday October 14, 2021, New Delhi                                                        
                                                        With Navratri and Durga Puja festivities on in full swing, Covid safety protocols are being blatantly violated across the country.High Court Denies Bail To Two Accused In Delhi Riots CasePress Trust of India   | Wednesday October 13, 2021, New Delhi                                                        
                                                        The Delhi High Court has refused bail to two persons who were arrested in a Delhi riots case related to the recovery of a 15-year-old boy's body from a drain in Gokulpuri area.3 Arrested For Cheating People Of Rs 7 Crore In Fake Investment Scheme In DelhiPress Trust of India   | Wednesday October 13, 2021, New Delhi                                                        
                                                        Three men cheated people pretext of providing higher returns by investing in the business of fisheries, floriculture and plantation of medical trees, police said on Wednesday.""Endorsement Of 5-Month Rule"": DMK Sweeps Tamil Nadu Rural Polls
															Written by J Sam Daniel Stalin  | Wednesday October 13, 2021, Chennai                                                        
                                                        The ruling DMK has swept rural local body polls in nine new districts in the first elections after it came to powerin Tamil Nadu five months ago.Air India Unions Seek Clarity On Arrears, Benefits Before Tata Handover
															Edited by Akhil Kumar  | Wednesday October 13, 2021, New Delhi                                                        
                                                        Air India unions have demanded that their concerns about payment of arrears, leave encashment, medical benefits, and accommodation are addressed urgently.Some Act Should Be Attributed To Person In Road Accident To Prove Negligence: Supreme CourtPress Trust of India   | Wednesday October 13, 2021, New Delhi                                                        
                                                        Some act or omission should be attributed to a person in a road accident against whom contributory negligence is alleged, the Supreme Court has said.Protest Outside Delhi Police Headquarters Against ""Sexual Assault"" Of Two Women StudentsPress Trust of India   | Wednesday October 13, 2021, New Delhi                                                        
                                                        Various civil society groups protested outside Delhi Police headquarters here against the alleged sexual assault of two women students by police personnel during a recent protest, prompting the force to set up a panel to probe the claims.Centre Plans Outreach To Mark 100 Crore Jabs, Focus On Poll-Bound States
															Reported by Akhilesh Sharma, Edited by Saikat Kumar Bose  | Wednesday October 13, 2021                                                        
                                                        With India inching closer to the 100-crore Covid vaccination milestone, the government has chalked out a plan to showcase it as a major achievement in its fight against the pandemic.Amid Crisis, Desperate Farmers Loot Fertiliser In Madhya Pradesh, Face Police Lathis
															Written by Anurag Dwary  | Wednesday October 13, 2021                                                        
                                                        Farmers in Madhya Pradesh have been facing an acute fertiliser crisis amid the peak harvesting season. With patience running short, some of them staged a road blockade, while some others resorted to looting bags of fertilisersNo Guarantee PM's Name Alone Will Get Votes: Minister On Haryana Polls
															Reported by Mohammed Ghazali, Edited by Anindita Sanyal  | Wednesday October 13, 2021, Chandigarh                                                        
                                                        The BJP cannot depend on winning Haryana for a third time on Prime Minister Narendra Modi's name alone, Union minster Rao Inderjit Singh has apparently said at an internal meeting of the BJP.Sonu Sood Is Inspiration Behind This Kolkata Durga Pandal. His ReactionAsian News International   | Wednesday October 13, 2021, Mumbai                                                        
                                                        Actor Sonu Sood, who had helped the flood victims of the Cyclone Yaas affected residents of the Sundarbans, has been included in a Durga Puja pandal of Kolkata's Kestopur Prafulla Kanan Durga Puja Committee.12345678910...14Trending Alert At Airports For Man Who Took Viral Selfie With Aryan Khan""Aryan Khan Wasn't Even On The Cruise, Nothing Found On Him,"" Court Told""Attack On Federalism"": Punjab Chief Minister Wants BSF Order Rolled BackHumorStaying 'Pawsitive' With Madhuri Dixit15 SlidesEntertainmentA Celebrity Guide To Durga Puja Fashion17 SlidesCelebAmitabh Bachchan's Stylish Eyewear10 SlidesAdvertisementAdvertisementAdvertisement................................ Advertisement ................................About UsAdvertiseNews AlertArchivesAppsCareersChannelsDisclaimerFeedbackInvestorsOmbudsmanRedressalsService TermsThis website follows the DNPA Code of Ethics © COPYRIGHT NDTV CONVERGENCE LIMITED 2021. ALL RIGHTS RESERVED.livetvarrowprintemailchatlinkedinredditWhatsAppfacebooktwittermorenotificationsearchsnapchatkooListen to the latest songs, only on JioSaavn.com
"
1,"India News: Today's latest updates and breaking news from India, Live India News - NDTV.com | Page 2
NDTVहिन्दीBUSINESSMOVIESCRICKETTECHFOODCRYPTOWEB STORIESEDUCATIONAUTOSWASTHLIFESTYLEHEALTHSHOPPINGARTLIVE TV LATEST COVID-19 INDIA VIDEO OPINION WORLD CITIES OFFBEAT TRENDS Photos SOUTHPEOPLEScienceJobsWEATHERTV ScheduleTrainsSearchHomeIndia NewsIndia NewsGetting Sound Sleep In BJP As There Are No Inquiries: Ex-Maharashtra MLAPress Trust of India   | Wednesday October 13, 2021, Pune                                                        
                                                        BJP leader Harshavardhan Patil on Wednesday quipped that he was getting ""sound sleep"" in the saffron party as there are ""no inquiries"".Alert At Airports For Man Who Took Viral Selfie With Aryan KhanPress Trust of India   | Wednesday October 13, 2021, Pune                                                        
                                                        Pune police have issued a lookout circular against KP Gosavi, one of the independent witnesses of the Narcotics Control Bureau (NCB) in the cruise ship drugs seizure case, in connection with a 2018 cheating case registered here, a top official said.Land Identified For Setting Up Heli Hub In GurugramPress Trust of India   | Wednesday October 13, 2021, Chandigarh                                                        
                                                        Haryana government has identified land and a proposal will be sent to the central government soon, an official statement said on Wednesday.Kerala Reports 11,079 Fresh Covid Cases, 123 DeathsPress Trust of India   | Wednesday October 13, 2021, Thiruvananthapuram                                                        
                                                        Kerala on Wednesday reported 11,079 fresh Covid-19 cases and 123 deaths, taking the total caseload to 48,20,698 and fatalities to 26,571.Coal Shortage ""Created"" By Some With Vested Interests: Trade UnionsPress Trust of India   | Wednesday October 13, 2021, Kolkata                                                        
                                                        Amid reports of coal shortage affecting power production in several states, the Centre of Indian Trade Unions (CITU) on Wednesday claimed that the crisis was created by some vested interest, as CIL has made a record supply of dry fuel to power plantsBSF Gets Increased Powers In 3 Border States: What It Means
															Written by Neeta Sharma  | Wednesday October 13, 2021, New Delhi                                                        
                                                        The Ministry of Home Affairs (MHA) claims that recent drone droppings of weapons from across the border have prompted this expansion in the jurisdiction of the BSF.""Covaxin Will Be Approved By WHO Soon"": Health Ministry Sources
															Reported by Akhilesh Sharma, Edited by Anindita Sanyal  | Wednesday October 13, 2021, New Delhi                                                        
                                                        Bharat Biotech's coronavirus vaccine Covaxin is likely to be approved by the World Health Organisation soon, top health ministry sources have told NDTV.To Bring 'Baby Boom' In State, Mizoram Minister Offers Rewards To Couples With Most ChildrenPress Trust of India   | Wednesday October 13, 2021, Aizawl                                                        
                                                        In a bid to encourage a ""baby boom,"" the state's sports minister Robert Romawia Royte, on Tuesday, distributed Rs 2.5 lakh and mementoes to 17 parents boasting of having the highest number of children.""May Tejashwi Yadav Become Chief Minister"": Tej Pratap After Meeting MotherPress Trust of India   | Wednesday October 13, 2021, Patna                                                        
                                                        Lalu Prasad's elder son Tej Pratap Yadav on Wednesday dropped hints of getting over his latest round of sulk which had sent the RJD, founded and headed by his father, in a fix at a time it is busy preparing for by-poll to a couple of assembly seats iOdisha Congress Bhavan Attacked Twice In 12 hoursPress Trust of India   | Wednesday October 13, 2021, (Eds:Withfreshinputs)                                                        
                                                        The state headquarters of the opposition Congress came under back-to-back attacks on Wednesday as separate groups of miscreants ransacked the office twice in a span of 12 hours.Emerging Economies Likely To Recover Quickly From COVID: Nirmala SitharamanAsian News International   | Wednesday October 13, 2021, Boston                                                        
                                                        Finance Minister Nirmala Sitharaman has said that emerging economies are likely to recover speedily from the effects of COVID-19 and India will be one of the highest growing economies.Arvind Kejriwal Promises To End ""Inspector Raj"", Red-Tapism In PunjabPress Trust of India   | Wednesday October 13, 2021, Jalandhar                                                        
                                                        AAP national convener Arvind Kejriwal on Wednesday promised end of ""inspector raj"" and ""red-tapism plaguing the trade and industrial sector"" if his party is voted to power in the 2022 Punjab assembly polls.Watch: In ""Levitating"" Reel, AAP's Push To Emerge As National Alternative
															Edited by Saikat Kumar Bose  | Wednesday October 13, 2021, New Delhi                                                        
                                                        From slogans to songs, the Aam Aadmi Party is leaving no stone unturned as it tries to emerge as a formidable force on the national stageUttar Pradesh An Emerging Economy, Has Best Investment Opportunities: Yogi AdityanathPress Trust of India   | Wednesday October 13, 2021, Gorakhpur                                                        
                                                        Uttar Pradesh is changing and it is an emerging economy in the country, Chief Minister Yogi Adityanath said on Wednesday.Elephant Enters Durga Puja Pandal In Jharkhand, 24 Injured In StampedePress Trust of India   | Wednesday October 13, 2021, Hazaribag                                                        
                                                        An elephant strayed away from its herd and entered a Durga Puja marquee at Daroo in Jharkhand creating panic among devotees, about 24 of whom were injured in the stampede-like situation.12345678910...14Trending Alert At Airports For Man Who Took Viral Selfie With Aryan Khan""Aryan Khan Wasn't Even On The Cruise, Nothing Found On Him,"" Court Told""Attack On Federalism"": Punjab Chief Minister Wants BSF Order Rolled BackHumorStaying 'Pawsitive' With Madhuri Dixit15 SlidesEntertainmentA Celebrity Guide To Durga Puja Fashion17 SlidesCelebAmitabh Bachchan's Stylish Eyewear10 SlidesAdvertisementAdvertisementAdvertisement................................ Advertisement ................................About UsAdvertiseNews AlertArchivesAppsCareersChannelsDisclaimerFeedbackInvestorsOmbudsmanRedressalsService TermsThis website follows the DNPA Code of Ethics © COPYRIGHT NDTV CONVERGENCE LIMITED 2021. ALL RIGHTS RESERVED.livetvarrowprintemailchatlinkedinredditWhatsAppfacebooktwittermorenotificationsearchsnapchatkooListen to the latest songs, only on JioSaavn.com
"
2,"India News: Today's latest updates and breaking news from India, Live India News - NDTV.com | Page 3
NDTVहिन्दीBUSINESSMOVIESCRICKETTECHFOODCRYPTOWEB STORIESEDUCATIONAUTOSWASTHLIFESTYLEHEALTHSHOPPINGARTLIVE TV LATEST COVID-19 INDIA VIDEO OPINION WORLD CITIES OFFBEAT TRENDS Photos SOUTHPEOPLEScienceJobsWEATHERTV ScheduleTrainsSearchHomeIndia NewsIndia NewsAs India Scrambles To Dig Up More Coal, A Warning By Top Energy Agency
															Written by Chetan Bhattacharji  | Wednesday October 13, 2021, New Delhi                                                        
                                                        As India rushes to dig up more coal for power plants running on low stocks, a new report by the International Energy Agency has warned there are major uncertainties for the coal sector.India Has 50% Vaccinated, But 3rd Wave Risk Remains: IMF's Gita Gopinath
															Reported by Sreenivasan Jain, Edited by Anindita Sanyal  | Wednesday October 13, 2021, New Delhi                                                        
                                                        Gita Gopinath, International Monetary Fund's Chief Economist, told NDTV today that with 50 per cent vaccination, India is high in confidence, especially in the backdrop of many nations failing to meet the 40 per cent target.Christian Missionaries Push For Forced Conversions Of Sikhs: Akal TakhtPress Trust of India   | Wednesday October 13, 2021, Amritsar                                                        
                                                        Akal Takht Jathedar Giani Harpreet Singh has accused Christian missionaries of running programmes for forced conversion of Sikh families in border villages, a charge vehemently denied by the Bishop of Diocese of Amritsar.""Attack On Federalism"": Punjab Chief Minister Wants BSF Order Rolled Back
															Reported by Mohammad Ghazali, Edited by Deepshikha Ghosh  | Wednesday October 13, 2021, Chandigarh                                                        
                                                        The Centre's move to extend the jurisdiction of the Border Security Force (BSF) over a wider belt along the borders of three states has provoked a huge controversy in Punjab and has escalated the Congress versus Congress crisis in the state.Punjab Minister Backs Chief Minister Charanjit Channi, Says Time For Generational Change
															Reported by Mohammad Ghazali, Edited by Akhil Kumar  | Wednesday October 13, 2021, Ludhiana                                                        
                                                        Speaking to reporters, Manpreet Singh Badal spoke favourably of young leaders who bring ""fresh ideas"" to governance and leadership.""Ajanta In Armenia"": S Jaishankar Praises Heritage Sites In YerevanPress Trust of India   | Wednesday October 13, 2021, Yerevan (Armenia)                                                        
                                                        ""Ajanta in Armenia"", said External Affairs Minister S Jaishankar on Wednesday after he visited the famed heritage sites and commented on the deep historical ties between the Caucasus nation and India.India Has Seen Success On Vaccination Front, IMF's Gita Gopinath Tells NDTV
															Edited by Deepika Pundir  | Wednesday October 13, 2021, New Delhi                                                        
                                                        Chief Economist Gita Gopinath speaks to NDTV after International Monetary Fund (IMF) retained India's growth projection at 9.5 per cent for 2021, after it downgraded the growth rate by three percentage points from 12.5 per cent in July.Andaman Tribes At Risk Of COVID-19, Scientists Urge ""High Priority Protection""
															Written by Uma Sudhir  | Wednesday October 13, 2021, New Delhi                                                        
                                                        A recent research has indicated that isolated populations of indigenous communities in India, like the Onge and Jarawa tribes on the Andaman Islands, are under serious threat from COVID-19.Former PM Manmohan Singh Admitted To AIIMS With Fever And Weakness
															Edited by NDTV News Desk  | Wednesday October 13, 2021, New Delhi                                                        
                                                        Former Prime Minister Dr Manmohan Singh was hospitalised this evening after he complained of fever and weakness.Amit Shah Attends BJP War Room Meeting On Upcoming Assembly Polls
															Reported by Akhilesh Sharma, Edited by Anindita Sanyal  | Wednesday October 13, 2021, New Delhi                                                        
                                                        The BJP is holding a meeting at its war-room in Delhi to discuss the coming round of state elections early next year. The meeting is being led by Union Minister Amit Shah.Key Accused Arrested In Dalit Woman's Gang-rape In UP's JewarPress Trust of India   | Wednesday October 13, 2021, Noida                                                        
                                                        Police have arrested the key accused in a case of gang-rape of a 55-year-old Dalit woman in Jewar three days ago.In Punjab, Tearful Farewell To Three Soldiers Killed In J&K EncounterPress Trust of India   | Wednesday October 13, 2021, Kapurthala, Rupnagar, Gurdaspur                                                        
                                                        In a village in Punjab's Kapurthala district, a teary-eyed Vikramjit Singh (13) on Wednesday lit the pyre of his father Naib Subedar Jaswinder Singh, who was among the five soldiers killed in a fierce gunfight with terrorists in Jammu and KashmirIndia Highly Vulnerable To Climate Change Impacts: Environment MinisterPress Trust of India   | Wednesday October 13, 2021, New Delhi                                                        
                                                        Developing countries, including India, are highly vulnerable to climate change impacts, Union Environment Minister Bhupender Yadav said today while reiterating that the upcoming 26th UN COP26 conference should focus on climate finance.Everyone Is Feeling Unsafe: Omar Abdullah On Recent Killings In J&KPress Trust of India   | Wednesday October 13, 2021, New Delhi                                                        
                                                        Voicing concern over the recent killing of civilians, former Jammu and Kashmir Chief Minister Omar Abdullah on Wednesday said ""everyone is feeling unsafe"", and asked the administration to give the people a sense of security cutting across religions.Watch: 60-Year-Old Women Race Holding Lota. They Were Sending A Message
															Reported by Anurag Dwary, Edited by Saikat Kumar Bose  | Wednesday October 13, 2021, Bhopal                                                        
                                                        Twenty women in the 55-60 years age group raced with a lota (a pot of water) today to send a message that they would ensure their daughters-in-law don't have to defecate in the open -- something they did all their lives.12345678910...14Trending Alert At Airports For Man Who Took Viral Selfie With Aryan Khan""Aryan Khan Wasn't Even On The Cruise, Nothing Found On Him,"" Court Told""Attack On Federalism"": Punjab Chief Minister Wants BSF Order Rolled BackHumorStaying 'Pawsitive' With Madhuri Dixit15 SlidesEntertainmentA Celebrity Guide To Durga Puja Fashion17 SlidesCelebAmitabh Bachchan's Stylish Eyewear10 SlidesAdvertisementAdvertisementAdvertisement................................ Advertisement ................................About UsAdvertiseNews AlertArchivesAppsCareersChannelsDisclaimerFeedbackInvestorsOmbudsmanRedressalsService TermsThis website follows the DNPA Code of Ethics © COPYRIGHT NDTV CONVERGENCE LIMITED 2021. ALL RIGHTS RESERVED.livetvarrowprintemailchatlinkedinredditWhatsAppfacebooktwittermorenotificationsearchsnapchatkooListen to the latest songs, only on JioSaavn.com
"
3,"India News: Today's latest updates and breaking news from India, Live India News - NDTV.com | Page 4
NDTVहिन्दीBUSINESSMOVIESCRICKETTECHFOODCRYPTOWEB STORIESEDUCATIONAUTOSWASTHLIFESTYLEHEALTHSHOPPINGARTLIVE TV LATEST COVID-19 INDIA VIDEO OPINION WORLD CITIES OFFBEAT TRENDS Photos SOUTHPEOPLEScienceJobsWEATHERTV ScheduleTrainsSearchHomeIndia NewsIndia NewsCops Said I'm Next Target: Kashmiri Pandit Leader On Attacks On Civilians
															Written by Nazir Masoodi  | Wednesday October 13, 2021, Srinagar                                                        
                                                        A Kashmiri Pandit leader who has been fighting for rights of Pandits in the Valley says he is facing threat for the first time in last 30 years and police have kept him in a security enclosure for last five days.4 Arrested As Central Agency Raids 16 J&K Locations In Terror Plot CasePress Trust of India   | Wednesday October 13, 2021, Srinagar                                                        
                                                        The NIA has arrested four terror associates during searches at 16 locations in Jammu and Kashmir following registration of a case to unearth a conspiracy hatched by terror groups to carry out attacks in the Union Territory and other major citiesIndian Army Chief General, Sri Lankan Counterpart Discuss Defence TiesPress Trust of India   | Wednesday October 13, 2021, Colombo                                                        
                                                        Indian Army chief General Manoj Mukund Naravane met Sri Lanka's top military leadership today and discussed steps for further enhancing the excellent bilateral defence cooperation.Infosys Says It's Likely To Earn More This Year Than Earlier ExpectedReuters   | Wednesday October 13, 2021, Bengaluru                                                        
                                                        Infosys Ltd on Wednesday raised its annual revenue outlook as demand rose for its software services from global businesses expanding their digital offerings during the COVID-19 pandemic.Landmark 1 Billionth Covid Vaccine Dose To Be Administered Next Week: Sources
															Reported by Akhilesh Sharma | Wednesday October 13, 2021, New Delhi                                                        
                                                        India will cross the landmark of one billion, or 100 crore, COVID-19 vaccine doses early next week, either on Monday or Tuesday, top Health Ministry sources have said.""Aryan Khan Wasn't Even On The Cruise, Nothing Found On Him,"" Court Told
															Reported by Sunil Kumar Singh, Edited by Deepshikha Ghosh  | Wednesday October 13, 2021, Mumbai                                                        
                                                        Aryan Khan was ""not even on the cruise"" raided by anti-drugs officers on October 2, so the allegation of drug trafficking against him is ""absurd"", his lawyer today told a Mumbai court hearing the 23-year-old star son's bail request in the drugs-on-cr""Take Strong Steps Against Pak, China, Or Else..."": Shiv Sena To GovernmentPress Trust of India   | Wednesday October 13, 2021, Mumbai                                                        
                                                        The Shiv Sena on Wednesday said if strong steps are not taken by the central government, China and Pakistan will come together and pose a threat to the very existence of India.60 Lakh Doses Of Zydus Cadila's Vaccine Ready After Production In October: ReportAsian News International   | Wednesday October 13, 2021, New Delhi                                                        
                                                        As many as 60 lakh doses of Zydus Cadila's three-dose COVID-19 vaccine ZyCoV-D are ready after production, said government sources.India Strongly Rejects China's Objection To Vice President Venkaiah Naidu's Arunachal VisitPress Trust of India   | Wednesday October 13, 2021, New Delhi                                                        
                                                        India on Wednesday strongly rejected China's objection to a recent visit to Arunachal Pradesh by Vice President M Venkaiah Naidu, asserting that the state is an ""integral and inalienable"" part of India.Maharashtra Government Announces Rs 10,000 Crore Aid For Rain-Affected FarmersPress Trust of India   | Wednesday October 13, 2021, Mumbai                                                        
                                                        The Maharashtra government on Wednesday announced an assistance of Rs 10,000 crore for farmers whose crops were damaged due to heavy rains in the state.The Covid Curse: Ahead Of Diwali, Families Forced To Sell GoldAgence France-Presse   | Wednesday October 13, 2021, Mumbai                                                        
                                                        Desperate for cash in the wake of pandemic-induced job losses and soaring fuel prices, many families and small businesses have been putting up gold jewellery -- their last resort -- as collateral to secure short-term loans.Veer Savarkar Never Apologised To British: Sena's Sanjay RautPress Trust of India   | Wednesday October 13, 2021, Mumbai                                                        
                                                        Shiv Sena MP Sanjay Raut on Wednesday said Veer Savarkar had never apologised to the British, a day after Defence Minister Rajnath Singh claimed that the freedom fighter had written mercy petitions to the British on Mahatma Gandhi's request.Another Cop Arrested From UP's Gorakhpur Over Kanpur Businessman's DeathPress Trust of India   | Wednesday October 13, 2021, Lucknow                                                        
                                                        One more policeman wanted in connection with the killing of Kanpur-based businessman Manish Gupta was arrested from Uttar Pradesh's Gorakhpur on Wednesday, officials said.Alliance With Samajwadi Party In UP Polls First Priority: Shivpal YadavPress Trust of India   | Wednesday October 13, 2021, Agra                                                        
                                                        Pragatisheel Samajwadi Party president Shivpal Yadav said his first priority was to form an alliance with Samajwadi Party (SP) in the upcoming UP assembly polls despite his prior fallout with SP President and his nephew, Akhilesh Yadav.No Mandatory Quarantine For UK: India Withdraws Tit-For-Tat Travel RulesPress Trust of India   | Wednesday October 13, 2021, New Delhi                                                        
                                                        India withdrew an advisory for additional checks and restrictions on those arriving from the UK after the British government ordered discontinuation of mandatory testing and quarantine norms for those vaccinated with Covishield travelling from India.12345678910...14Trending Alert At Airports For Man Who Took Viral Selfie With Aryan Khan""Aryan Khan Wasn't Even On The Cruise, Nothing Found On Him,"" Court Told""Attack On Federalism"": Punjab Chief Minister Wants BSF Order Rolled BackHumorStaying 'Pawsitive' With Madhuri Dixit15 SlidesEntertainmentA Celebrity Guide To Durga Puja Fashion17 SlidesCelebAmitabh Bachchan's Stylish Eyewear10 SlidesAdvertisementAdvertisementAdvertisement................................ Advertisement ................................About UsAdvertiseNews AlertArchivesAppsCareersChannelsDisclaimerFeedbackInvestorsOmbudsmanRedressalsService TermsThis website follows the DNPA Code of Ethics © COPYRIGHT NDTV CONVERGENCE LIMITED 2021. ALL RIGHTS RESERVED.livetvarrowprintemailchatlinkedinredditWhatsAppfacebooktwittermorenotificationsearchsnapchatkooListen to the latest songs, only on JioSaavn.com
"
4,"India News: Today's latest updates and breaking news from India, Live India News - NDTV.com | Page 5
NDTVहिन्दीBUSINESSMOVIESCRICKETTECHFOODCRYPTOWEB STORIESEDUCATIONAUTOSWASTHLIFESTYLEHEALTHSHOPPINGARTLIVE TV LATEST COVID-19 INDIA VIDEO OPINION WORLD CITIES OFFBEAT TRENDS Photos SOUTHPEOPLEScienceJobsWEATHERTV ScheduleTrainsSearchHomeIndia NewsIndia NewsThe Mics Were Hot: Congress Gossip Session In Karnataka Is, Well, Awkward
															Reported by Nehal Kidwai, Edited by Chandrashekar Srinivasan  | Wednesday October 13, 2021, Bengaluru                                                        
                                                        A video of two Karnataka Congress leaders discussing alleged corruption by DK Shivakumar, chief of the state unit, and his associates has been released online by the BJP's Amit Malviya, and landed the party in hot water.HD Kumaraswamy Claims Siddaramaiah, Yediyurappa Met Secretly. Their ReplyPress Trust of India   | Wednesday October 13, 2021, Bengaluru                                                        
                                                        Former Karnataka Chief Ministers Siddaramaiah and BS Yediyurappa today rubbished JD(S) leader HD Kumaraswamy's claim that both leaders have had a secret late night meeting.Mukesh Ambani Was Interested In TV Giant Zee: Big New RevelationReuters   | Wednesday October 13, 2021, Mumbai                                                        
                                                        Investment management firm 'Invesco' said it facilitated talks between Reliance Industries and Zee Entertainment earlier this year on a possible tie-up, revealing for the first time that Mukesh Ambani was interested in the television giant.Why Air India's Regional Airline Was Excluded From Sale To TatasSiddhartha Singh, Bloomberg   | Wednesday October 13, 2021                                                        
                                                        India plans to sell Air India Ltd.'s regional arm separately, days after Tata Sons Ltd. emerged as the highest bidder for the parent carrier in an auctionDesperate Families Sell Gold Ahead Of Diwali To Cope With Covid Cash CrunchAgence France-Presse   | Wednesday October 13, 2021, Mumbai                                                        
                                                        In Mumbai's jewellery bazaar, Kavita Jogani gingerly places her wedding bangles on the shopkeeper's scales, one of the thousands of Indians parting with their most cherished asset -- gold.Indian Airline Stocks Soar After Covid Rules Are ChangedReuters   | Wednesday October 13, 2021, Bengaluru                                                        
                                                        Shares of Indian airline operators jumped on Wednesday after the country's civil aviation ministry allowed domestic flights to fly at full capacity from Oct. 18, lifting pandemic-led restrictions ahead of the festive season.Court Extends Actor Leena Paul's Custody In Rs 200 Crore Money Laundering CasePress Trust of India   | Wednesday October 13, 2021, New Delhi                                                        
                                                        A Delhi court has extended the custodial interrogation of actor Leena Maria Paul till October 16 in a money laundering case related to extortion of Rs 200 crore from a businessman's wife here.India Among 4 Nations To Lead Talks To Counter Ransomware: White HousePress Trust of India   | Wednesday October 13, 2021, Washington                                                        
                                                        India is among the four countries that have volunteered to organise and lead specific thematic discussions at the first-of-its-kind international meeting to counter ransomware convened by the Biden administration, the White House said.S Jaishankar For Chabahar Port Inclusion In North-South Transport CorridorPress Trust of India   | Wednesday October 13, 2021, Yerevan(Armenia)                                                        
                                                        S Jaishankar on Wednesday proposed that the strategic Chabahar Port in Iran be included in the North-South Transport Corridor that has the potential to bridge connectivity barriers""Why Raid Same House 5 Times?"" Sharad Pawar Alleges Misuse Of Agencies
															Edited by Anindita Sanyal  | Wednesday October 13, 2021, Mumbai                                                        
                                                        Nationalist Congress Party chief Sharad Pawar today accused the BJP of misusing central agencies, citing the repeated raids on the house of former state minister Anil Deshmukh.""You Do Not Plan Anything"": Asaduddin Owaisi Slams Centre For Coal CrisisAsian News International   | Wednesday October 13, 2021, Hyderabad                                                        
                                                        All India Majlis-e-Ittehadul Muslimeen (AIMIM) Chief Asaduddin Owaisi on Wednesday slammed the Centre over the reports of the coal shortage in the country and said that the country has to suffer due to lack of planning by the Centre.Priyanka Gandhi Vadra Visits Her Father's ""Rakhi Sister"" For Kanya Pujan
															Edited by NDTV Newsdesk  | Wednesday October 13, 2021                                                        
                                                        The Congress leader shared the pictures on Instagram.Aryan Khan WhatsApp Chats Show He Trafficked Drugs, Claim Investigators
															Reported by Arvind Gunasekar, Edited by Deepshikha Ghosh  | Wednesday October 13, 2021, New Delhi                                                        
                                                        Shah Rukh Khan's son Aryan Khan ""indulged in illicit drug trafficking"" and was involved in the ""procuring and distribution of drugs"", the Narcotics Control Bureau (NCB) today told a court in Mumbai.Lakhimpur Kheri Violence Accused Ankit Das Appears Before Probe TeamPress Trust of India   | Wednesday October 13, 2021, Lakhimpur Kheri                                                        
                                                        Ankit Das, said to be a close friend of Tikonia violence accused Ashish Mishra, turned up before the special investigation team (SIT) at the crime branch office in Lakhimpur today, the police said.22-Year-Old Woman Elected Panchayat President In Tamil Nadu
															Written by J Sam Daniel Stalin  | Wednesday October 13, 2021, Chennai                                                        
                                                        Sarulatha, 22, is among the youngest panchayat presidents in Tamil Nadu after she was elected from the Venkadampatti Panchayat in the newly-constituted Tenkasi district, reserved for women.12345678910...14Trending Alert At Airports For Man Who Took Viral Selfie With Aryan Khan""Aryan Khan Wasn't Even On The Cruise, Nothing Found On Him,"" Court Told""Attack On Federalism"": Punjab Chief Minister Wants BSF Order Rolled BackHumorStaying 'Pawsitive' With Madhuri Dixit15 SlidesEntertainmentA Celebrity Guide To Durga Puja Fashion17 SlidesCelebAmitabh Bachchan's Stylish Eyewear10 SlidesAdvertisementAdvertisementAdvertisement................................ Advertisement ................................About UsAdvertiseNews AlertArchivesAppsCareersChannelsDisclaimerFeedbackInvestorsOmbudsmanRedressalsService TermsThis website follows the DNPA Code of Ethics © COPYRIGHT NDTV CONVERGENCE LIMITED 2021. ALL RIGHTS RESERVED.livetvarrowprintemailchatlinkedinredditWhatsAppfacebooktwittermorenotificationsearchsnapchatkooListen to the latest songs, only on JioSaavn.com
"
5,"India News: Today's latest updates and breaking news from India, Live India News - NDTV.com | Page 6
NDTVहिन्दीBUSINESSMOVIESCRICKETTECHFOODCRYPTOWEB STORIESEDUCATIONAUTOSWASTHLIFESTYLEHEALTHSHOPPINGARTLIVE TV LATEST COVID-19 INDIA VIDEO OPINION WORLD CITIES OFFBEAT TRENDS Photos SOUTHPEOPLEScienceJobsWEATHERTV ScheduleTrainsSearchHomeIndia NewsIndia NewsPak Terrorist Recced Delhi Sites, Tracked Army Movements In J&K: Sources
															Reported by Mukesh Singh Sengar, Edited by Deepshikha Ghosh  | Wednesday October 13, 2021, New Delhi                                                        
                                                        A Pakistani terrorist arrested yesterday in Delhi recced 10 spots in the capital and routinely sent details to his handlers in Pakistan, police sources said today, giving details gleaned from his interrogation.PM Modi Launches Rs 100 Lakh Crore National Master Plan. What It Will DoPress Trust of India   | Wednesday October 13, 2021, New Delhi                                                        
                                                        Prime Minister Narendra Modi today launched a Rs 100 lakh crore national master plan for multi-modal connectivity that aims to develop infrastructure to reduce logistic costs and boost the economy.Nirmala Sitharaman's Swipe At Amartya Sen: ""Worrying That Scholars...""Press Trust of India   | Wednesday October 13, 2021, Boston                                                        
                                                        It is worrying that scholars can be now ""influenced"" and become ""imprisoned"" by their own likes and dislikes rather than comment on the basis of facts, Finance Minister Nirmala Sitharaman said, taking a swipe at Nobel laureate Amartya Sen.Supreme Court Raps UP Bar Council For Inaction On Lawyer Insurance FraudPress Trust of India   | Wednesday October 13, 2021, New Delhi                                                        
                                                        The Supreme Court rapped the Uttar Pradesh Bar Council for not taking action against advocates who allegedly submitted fake claims, causing a loss of crores of rupees to insurance companies.Delhi Man Fined Rs 2 Lakh For Filing False Property CasePress Trust of India   | Wednesday October 13, 2021, New Delhi                                                        
                                                        Delhi court has imposed a cost of Rs 2 lakh on a man for filing false property dispute case against his brother, saying that it would be ""great public disaster"" if fountain of justice is allowed to be poisoned by anyone resorting to filing such claimStudent, Teacher Beaten Up After Row Over Bharat Mata Ki Jai Slogan: CopsPress Trust of India   | Wednesday October 13, 2021, Bhopal                                                        
                                                        A student and a teacher were allegedly beaten up following a dispute over chanting ""Bharat Mata Ki Jai"" at a school in Madhya Pradesh's Agar Malwa district, police said on Wednesday.Haryana Chief Minister Cancels Sonipat Visit Amid Huge Farmers' Protest
															Reported by Mohammad Ghazali, Edited by Swati Bhasin  | Wednesday October 13, 2021                                                        
                                                        A large number of farmers gathered in Haryana's Sonipat today against Chief Minister ML Khattar's visit despite tight security.New Pragati Maidan To Host G-20 Summit In 2023: Union MinisterAsian News International   | Wednesday October 13, 2021, New Delhi                                                        
                                                        Union Minister Piyush Goyal today said that the new Pragati Maidan will host the G-20 summit in 2023, as a result of the PM Gati Shakti-National Master Plan, which will give a direction to various development plans and will also encourage investment.Meghalaya Minister To Get PETA Award For 'Vegan Leather' InitiativePress Trust of India   | Wednesday October 13, 2021, Shillong                                                        
                                                        People for the Ethical Treatment of Animals (PETA)has decided to confer on Meghalaya Environment Minister James P K Sangma the Progressive Business Concept Award for his plans to produce 'vegan leather' in the northeastern state, officials said.Delhi Court Extends Probe Agency Custody For Actor Leena Paul, PartnerAsian News International   | Wednesday October 13, 2021, New Delhi                                                        
                                                        A Delhi Court has extended the remand of Sukesh Chandrasekhar and actor Leena Maria Paul for more days in connection with a money laundering case worth Rs 200 crore to establish the money trail of the proceeds of crime.UP Minister Meets Families Of BJP Worker, Driver Killed In Lakhimpur KheriAsian News International   | Wednesday October 13, 2021, Lakhimpur Kheri                                                        
                                                        Uttar Pradesh Law Minister Brajesh Pathak today met the families of Bharatiya Janata Party (BJP) worker Shubham Mishra and car driver Hari Om who were killed in the violence in Lakhimpur Kheri on October 3.Green Court NGT Denies Himachal High Court To Reconstruct Old BuildingPress Trust of India   | Wednesday October 13, 2021, New Delhi                                                        
                                                        The National Green Tribunal has denied permission to the Himachal Pradesh High Court for reconstruction of its old building block saying that construction in core area of Shimla is a serious hazard to public safety and environment.Magnificent Pandals, Idols: Durga Puja Pics Flood Twitter; Ashtami Today
															Edited by Eshita Bhargava  | Wednesday October 13, 2021, New Delhi                                                        
                                                        Maha Ashtami, the eight day of the auspicious Hindu festival of Navratri marks the worship of Goddess Mahagauri, who is asymbol of purity and serenity. As she is the extreme manifestation of Goddess Durga, she is known as Goddess Mahagauri.Tomato Prices Surge Over Tight Supply Due To Non-Seasonal Rain: ReportPress Trust of India   | Wednesday October 13, 2021, New Delhi                                                        
                                                        Tomato prices in retail markets of metro cities have shot up to Rs 72 per kilogram on tight supply due to non-seasonal rains in key producing states like Madhya Pradesh and Maharashtra.Farmers' Killing ""Condemnable"", ""Not Being Defensive"": Nirmala SitharamanPress Trust of India   | Wednesday October 13, 2021, Boston                                                        
                                                        The Lakhimpur Kheri violence, in which 4 farmers were killed, is ""absolutely condemnable,"" Finance Minister Nirmala Sitharaman has said, emphasising that there are issues of such nature happening in other parts of India too, which should be raised.1234567891011...14Trending Alert At Airports For Man Who Took Viral Selfie With Aryan Khan""Aryan Khan Wasn't Even On The Cruise, Nothing Found On Him,"" Court Told""Attack On Federalism"": Punjab Chief Minister Wants BSF Order Rolled BackHumorStaying 'Pawsitive' With Madhuri Dixit15 SlidesEntertainmentA Celebrity Guide To Durga Puja Fashion17 SlidesCelebAmitabh Bachchan's Stylish Eyewear10 SlidesAdvertisementAdvertisementAdvertisement................................ Advertisement ................................About UsAdvertiseNews AlertArchivesAppsCareersChannelsDisclaimerFeedbackInvestorsOmbudsmanRedressalsService TermsThis website follows the DNPA Code of Ethics © COPYRIGHT NDTV CONVERGENCE LIMITED 2021. ALL RIGHTS RESERVED.livetvarrowprintemailchatlinkedinredditWhatsAppfacebooktwittermorenotificationsearchsnapchatkooListen to the latest songs, only on JioSaavn.com
"
6,"India News: Today's latest updates and breaking news from India, Live India News - NDTV.com | Page 7
NDTVहिन्दीBUSINESSMOVIESCRICKETTECHFOODCRYPTOWEB STORIESEDUCATIONAUTOSWASTHLIFESTYLEHEALTHSHOPPINGARTLIVE TV LATEST COVID-19 INDIA VIDEO OPINION WORLD CITIES OFFBEAT TRENDS Photos SOUTHPEOPLEScienceJobsWEATHERTV ScheduleTrainsSearchHomeIndia NewsIndia NewsMore Women School Staff, More Fights, Then 'Saridon': Rajasthan MinisterAsian News International   | Wednesday October 13, 2021, Jaipur                                                        
                                                        Rajasthan education minister Govind Singh Dotasra recently said that women fought more and if female staff sorted it out among themselves, ""they would always find themselves ahead of men.""""Dismiss Minister, President Said He'll Talk To Government"": Congress
															Edited by Ashutosh Tripathi  | Wednesday October 13, 2021, New Delhi                                                        
                                                        Sack the Union Minister whose son is accused of mowing down protesting farmers in Uttar Pradesh, a Rahul Gandhi-led Congress delegation urged President Ram Nath Kovind, who, in turn, has said he will speak to the government over the issue.BJP Will Soon Declare Savarkar ""Father Of Nation"": Asaduddin OwaisiAsian News International   | Wednesday October 13, 2021, Hyderabad (Telangana)                                                        
                                                        Slamming Defence Minister Rajnath Singh over his comment that ""on Mahatma Gandhi's request, Savarkar wrote mercy petitions to British"", AIMIM chief Asaduddin Owaisi alleged that BJP will soon declare Vinayak Damodar Savarkar as 'father of nation'.Arrested Pak Terrorist Had Recced India Gate, 9 Other Delhi Sites: ReportAsian News International   | Wednesday October 13, 2021, New Delhi                                                        
                                                        The Pakistani terrorist arrested by Delhi Police's Special Cell on Tuesday had conducted recce at various sites in the national capital, sources told news agency ANI.Watch: Garba In PPE To Raise COVID-19 Awareness
															Edited by NDTV Newsdesk  | Wednesday October 13, 2021                                                        
                                                        A group of young girls in Gujarat's Rajkot performed garba wearing personal protective equipment (PPE) in a bid to raise awareness about the dangers of Covid-19.Maha Ashtami 2021: When Is Kanya Pujan And What Is Its Significance?
															Edited by NDTV Newsdesk  | Wednesday October 13, 2021, New Delhi                                                        
                                                        Durga Puja is one of the most significant festivals in India and is celebrated over 10 days. This includes nine nights, which is why this festival is also called Navratri.United Nations, World Bank, IMF In Need Of Urgent Reforms: Nirmala SitharamanPress Trust of India   | Wednesday October 13, 2021, Boston                                                        
                                                        Institutions such as United Nations, World Bank and International Monetary Fund need to be urgently reformed as they no longer speak for countries whose issues have remained unattended to for decades, Finance Minister Nirmala Sitharaman said.35-Year-Old Man Kills Father Over Property Dispute In MaharashtraPress Trust of India   | Wednesday October 13, 2021, Thane                                                        
                                                        A 35-year-old man allegedly stabbed his father to death following a property dispute in Maharashtra's Thane district, police said.Amid Coal Crisis, No Outage Due To Power Shortage In Delhi: Power MinistryPress Trust of India   | Wednesday October 13, 2021, New Delhi                                                        
                                                        The Power Ministry today said that there was no outage on account of power shortage in Delhi.Mumbai Drug Bust Case Highlights: No Bail For Aryan Khan Today, Bail Hearing To Continue Tomorrow
															Edited by Sasha Gopalakrishnan  | Wednesday October 13, 2021, New Delhi                                                        
                                                        Aryan Khan was ""not even on the cruise"" raided by anti-drugs officers on October 2, soallegation of drug trafficking against him is ""absurd"", his lawyer today told a Mumbai court hearing 23-year-old star son's bail request in the drugs-on-cruise case""Cross-Border Terrorism Is Not Statecraft"", Says IndiaPress Trust of India   | Wednesday October 13, 2021, Nur-Sultan                                                        
                                                        In a veiled attack on Pakistan, India said on Tuesday that cross-border terrorism is not statecraft but simply another form of the menace as it called upon the international community to unite against this evil.India Records 15,823 New Covid Cases, 10.5% Higher Than Yesterday
															Edited by Ridhima Shukla  | Wednesday October 13, 2021, New Delhi                                                        
                                                        India reported 15,823 new COVID-19 cases in the last 24 hours, 10.5 per cent higher than yesterday when the country saw the lowest daily rise in Covid cases since early March with 14,313 infections. India also reported 226 deaths due to coronavirus.Karnataka Chief Minister Chairs Meeting On Earthquake PreparednessAsian News International   | Wednesday October 13, 2021, Bengaluru                                                        
                                                        Following the mild tremors of earthquakes that have been felt in parts of Karnataka's Kalaburagi in the past four days, state Chief Minister Basavaraj Bommai chaired a meeting with officials to discuss the matter.JD(S)-Congress Alliance Issue ""Closed Chapter"": Karnataka Congress ChiefAsian News International   | Wednesday October 13, 2021, Bengaluru                                                        
                                                        Days after Janata Dal (S) leader HD Kumaraswamy alleged that Siddaramaiah was responsible for collapse of the JD(S)-Congress coalition government, Karnataka Congress chief DK Shivakumar said that coalition government is closed chapter.Centre's Welfare Policies Protecting People's Human Rights: Amit ShahPress Trust of India   | Wednesday October 13, 2021, New Delhi                                                        
                                                        Prime Minister Narendra Modi's government has been relentlessly working for the welfare of poor, backwards and deprived sections of society, thereby protecting their human rights, Union Home Minister Amit Shah said on Tuesday.13456789101112...14Trending Alert At Airports For Man Who Took Viral Selfie With Aryan Khan""Aryan Khan Wasn't Even On The Cruise, Nothing Found On Him,"" Court Told""Attack On Federalism"": Punjab Chief Minister Wants BSF Order Rolled BackHumorStaying 'Pawsitive' With Madhuri Dixit15 SlidesEntertainmentA Celebrity Guide To Durga Puja Fashion17 SlidesCelebAmitabh Bachchan's Stylish Eyewear10 SlidesAdvertisementAdvertisementAdvertisement................................ Advertisement ................................About UsAdvertiseNews AlertArchivesAppsCareersChannelsDisclaimerFeedbackInvestorsOmbudsmanRedressalsService TermsThis website follows the DNPA Code of Ethics © COPYRIGHT NDTV CONVERGENCE LIMITED 2021. ALL RIGHTS RESERVED.livetvarrowprintemailchatlinkedinredditWhatsAppfacebooktwittermorenotificationsearchsnapchatkooListen to the latest songs, only on JioSaavn.com
"
7,"India News: Today's latest updates and breaking news from India, Live India News - NDTV.com | Page 8
NDTVहिन्दीBUSINESSMOVIESCRICKETTECHFOODCRYPTOWEB STORIESEDUCATIONAUTOSWASTHLIFESTYLEHEALTHSHOPPINGARTLIVE TV LATEST COVID-19 INDIA VIDEO OPINION WORLD CITIES OFFBEAT TRENDS Photos SOUTHPEOPLEScienceJobsWEATHERTV ScheduleTrainsSearchHomeIndia NewsIndia NewsCBI Seeks Permission For Lie Detector Test In UP Seer's Death CaseAsian News International   | Wednesday October 13, 2021, Prayagraj (Uttar Pradesh)                                                        
                                                        Central Bureau of Investigation has sought permission from Chief Judicial Magistrate court of Prayagraj to conduct a polygraph test on the three accused in the alleged suicide case of Akhil Bhartiya Akhara Parishad President Mahant Narendra Giri.Happy Durga Ashtami 2021: Here Are Wishes, Messages, Quotes, Greetings, WhatsApp And Facebook Status
															Edited by NDTV Newsdesk  | Wednesday October 13, 2021, New Delhi                                                        
                                                        Ashtami is the auspicious eighth day of Durga Puja or Sharadiya Navratri. It is also known as Maha Ashtami. This year, Ashtami falls on October 13. Maha Ashtami is also the day for Kumari Puja, in which nine girls below age of 10 years are worshipped""Mahatma Gandhi Asked Savarkar To File Mercy Petitions"": Rajnath SinghPress Trust of India   | Wednesday October 13, 2021, New Delhi                                                        
                                                        Defence Minister Rajnath Singh on Tuesday said it was on Mahatma Gandhi's request that he wrote mercy petitions to the British and people from the Marxist and Leninist ideology wrongly accuse him as a fascist.Four, Including 8-Year-Old, Killed As Insurgents Open Fire In Manipur
															Written by Ratnadip Choudhury  | Wednesday October 13, 2021, Imphal                                                        
                                                        Four people, including an eight-year-old child, died and two others were injured after suspected terrorists opened fire at a gathering in a village in Manipur's Kangpokpi district, the police said today.4 Muslim Men, Targeted By Bajrang Dal, Arrested At Indore Garba Event
															Reported by Anurag Dwary, Edited by Akhil Kumar  | Wednesday October 13, 2021, Indore                                                        
                                                        Four Muslims, including two students, were arrested from a college Garba event in Madhya Pradesh's Indore on Sunday after a large group of rightwing activists allegedly barged in and went on the rampage, accusing college of promoting ""love jihad"".Bihar Sets Up Covid Vaccination Camps At Durga Puja PandalsAsian News International   | Wednesday October 13, 2021, Patna                                                        
                                                        The Bihar government has set up COVID-19 vaccination camps at Durga Puja pandals in the state to encourage people to get inoculated.Union Minister Launches Phase-2 Of Awareness Campaign On HIV/AIDS, TuberculosisAsian News International   | Wednesday October 13, 2021, New Delhi                                                        
                                                        In a bid to commemorate India's 75th year of Independence, Union Minister of State for Health and Family Welfare Dr Bharati Pravin Pawa launched Phase II of awareness campaigns on HIV/AIDS and TuberculosisCoronavirus LIVE Updates: Landmark 1 Billionth Vaccine Dose To Be Administered Next Week, Say Sources
															Edited by Nonika Sharma  | Wednesday October 13, 2021, New Delhi                                                        
                                                        India recorded 15,823 fresh coronavirus cases, taking the infection tally to 3,40,01,743, while the national Covid recovery rate increased to 98.06 per cent, according to the Union Health Ministry's data at 8 am.Change In Authority In Kabul Was Neither Through Negotiations, Nor Inclusive: IndiaPress Trust of India   | Wednesday October 13, 2021, United Nations                                                        
                                                        The change in authority in Kabul was neither through negotiations, nor inclusive, India said at the UN Security Council, underlining that it has consistently called for a broad basedCabinet Approves Phase-2 Of Atal Mission For Rejuvenation And Urban TransformationAsian News International   | Wednesday October 13, 2021, New Delhi                                                        
                                                        The Union Cabinet, chaired by Prime Minister Narendra Modi, on Tuesday approved the Atal Mission for Rejuvenation and Urban Transformation 2.0 (AMRUT 2.0) till 2025-26, as a step towards Aatma Nirbhar Bharat.Prolonged Monsoon, Transmission Cycles Of Mosquitoes Behind Rising Dengue Cases: Delhi DoctorAsian News International   | Wednesday October 13, 2021, New Delhi                                                        
                                                        Following the rise in dengue cases in Delhi, the Medical Director of Lok Nayak Jai Prakash Hospital (LNJP) said that dengue cases are increasing in the national capital due to prolonged monsoon period and different transmission cycles of mosquitoes.Bullet Trains, Helitaxis: Nod To 2041 Plan For National Capital RegionPress Trust of India   | Wednesday October 13, 2021, New Delhi                                                        
                                                        The NCR Planning Board on Tuesday approved the Draft Regional Plan-2041 paving the way for a future-ready, slum-free National Capital Region with air ambulance facility and high-speed connectivity through helitaxis, road, rail and inland waterways.Will Face Onslaught Of Central Agencies With Full Vigour: NCP's Nawab MalikPress Trust of India   | Wednesday October 13, 2021, Mumbai                                                        
                                                        Sharad Pawar, party's state president Jayant Patil, Ajit Pawar and Lok Sabha MP Supriya Sule attended the meet.States Have To Pay Nearly Rs 20,000 Crores As Dues To Coal India: ReportAsian News International   | Wednesday October 13, 2021, New Delhi                                                        
                                                        Amid reports of power crisis due to alleged shortage of coal stock in the country, government sources on Tuesday said States have to pay nearly Rs 20,000 crores as dues to Coal India.Prominent Indian-Origin Cardiologist Among 2 Killed In California Plane CrashPress Trust of India   | Wednesday October 13, 2021, New York                                                        
                                                        United Parcel Service of America Inc. confirmed that one of its employees was killed during the plane crash.145678910111213...14Trending Alert At Airports For Man Who Took Viral Selfie With Aryan Khan""Aryan Khan Wasn't Even On The Cruise, Nothing Found On Him,"" Court Told""Attack On Federalism"": Punjab Chief Minister Wants BSF Order Rolled BackHumorStaying 'Pawsitive' With Madhuri Dixit15 SlidesEntertainmentA Celebrity Guide To Durga Puja Fashion17 SlidesCelebAmitabh Bachchan's Stylish Eyewear10 SlidesAdvertisementAdvertisementAdvertisement................................ Advertisement ................................About UsAdvertiseNews AlertArchivesAppsCareersChannelsDisclaimerFeedbackInvestorsOmbudsmanRedressalsService TermsThis website follows the DNPA Code of Ethics © COPYRIGHT NDTV CONVERGENCE LIMITED 2021. ALL RIGHTS RESERVED.livetvarrowprintemailchatlinkedinredditWhatsAppfacebooktwittermorenotificationsearchsnapchatkooListen to the latest songs, only on JioSaavn.com
"
8,"India News: Today's latest updates and breaking news from India, Live India News - NDTV.com | Page 9
NDTVहिन्दीBUSINESSMOVIESCRICKETTECHFOODCRYPTOWEB STORIESEDUCATIONAUTOSWASTHLIFESTYLEHEALTHSHOPPINGARTLIVE TV LATEST COVID-19 INDIA VIDEO OPINION WORLD CITIES OFFBEAT TRENDS Photos SOUTHPEOPLEScienceJobsWEATHERTV ScheduleTrainsSearchHomeIndia NewsIndia NewsCabinet Panel Nod To Fertiliser Subsidy To Benefit Farmers In Rabi SeasonPress Trust of India   | Wednesday October 13, 2021, New Delhi                                                        
                                                        The government today announced a net subsidy of Rs 28,655 crore on phosphatic and potassic fertilisers for the October-March period of this fiscal year to ensure that farmers get nutrients at affordable prices during the rabi sowing season.Being Part Of WhatsApp Group Not Crime, Umar Khalid Tells Delhi CourtAsian News International   | Tuesday October 12, 2021, New Delhi                                                        
                                                        Student-turned-activist Umar Khalid today told Delhi's Karkardooma Court that the prosecution wants to paint every accused in the conspiracy case relating to the Northeast Delhi violence with the same brushBJP May Field 100 New Faces In 2022 Gujarat Polls, Says State Party ChiefPress Trust of India   | Tuesday October 12, 2021, Ahmedabad                                                        
                                                        The ruling BJP in Gujarat might replicate the ""no-repeat"" experiment it tried recently while replacing the entire cabinet and the chief minister in the next year's state Assembly polls as wellSpeed Up Covid Treatment Bill Audit: Maharashtra Health Minister To OfficialsPress Trust of India   | Tuesday October 12, 2021, Mumbai                                                        
                                                        Maharashtra Health Minister Rajesh Tope on Tuesday issued instructions to expedite the audit of COVID-19 treatment bills to provide relief to patients.Good Vaccination Rate Helpful For India Economy, Says IMF's Gita GopinathPress Trust of India   | Tuesday October 12, 2021, Washington                                                        
                                                        India is doing well in terms of vaccinating its own people and this is certainly helpful in its economy, a top International Monetary Fund (IMF) official said as the global financial institution projected 9.5 per cent growth for India in 2021No Stubble Burning In Haryana Anymore: Manohar Lal KhattarAsian News International   | Tuesday October 12, 2021, New Delhi                                                        
                                                        Haryana Chief Minister Manohar Lal Khattar on Tuesday said that there is no stubble burning anywhere in the state.Watch: When Chhattisgarh Chief Minister Took Some Time Out For Dandiya
															Edited by NDTV News Desk  | Tuesday October 12, 2021, Raipur                                                        
                                                        Amid a hectic political season, Chhattisgarh Chief Minister Bhupesh Baghel was seen in a new avatar as he played dandiya at a function at his official residence.""Barbarism"": Jignesh Mevani Tweets Outrage On Rajasthan Dalit Murder
															Edited by Anindita Sanyal  | Tuesday October 12, 2021, Jaipur                                                        
                                                        Independent Gujarat MLA Jignesh Mevani has tweeted a video purportedly of a Dalit man whose murder has set off a political storm in Rajasthan. The man was beaten to death for his alleged love affair with a neighbour's wife.Case Against 32 Tihar Jail Officials Allegedly Complicit With Ex-Unitech OwnersAsian News International   | Tuesday October 12, 2021, New Delhi                                                        
                                                        An FIR was registered in the Delhi Police Crime Branch under relevant sections of the Prevention of Corruption Act on Tuesday after 32 Tihar Jail officials were found to be complicit with former Unitech promoters Ajay Chandra and Sanjay Chandra.Priyanka Gandhi Vadra At Farmers' Tribute To Those Killed In LakhimpurPress Trust of India   | Tuesday October 12, 2021, Lakhimpur Kheri                                                        
                                                        Farmers from Uttar Pradesh and neighbouring states today offered ""antim ardas"" - the final prayers in the Sikh tradition - for the protesters killed in the recent violence, with their leaders vowing to intensify the agitation against new farm lawsTug Of War Continues Between Centre And West Bengal On Gorkha Issue
															Written by Neeta Sharma  | Tuesday October 12, 2021, New Delhi                                                        
                                                        The tug of war between the Centre and the West Bengal government continues on the Gorkha issue as the state government failed to send any high-level representative in tripartite talks despite being informed by the union government well in advance.""Deliberate Attempts To Defame Savarkar, Real Target Was..."": RSS ChiefAsian News International   | Tuesday October 12, 2021, New Delhi                                                        
                                                        Noting that there had been a ""deliberate attempts to defame"" Vinayak Damodar Savarkar, RSS chief Mohan Bhagwat said on Tuesday that ""the real target wasn't a person but India's nationalism"".All-Round Development Of Darjeeling, Terrai, Dooars Centre's Topmost Priority: Amit ShahPress Trust of India   | Tuesday October 12, 2021, New Delhi                                                        
                                                        Union Home Minister Amit Shah said the central government, under the leadership of Prime Minister Narendra Modi, is constantly making efforts to resolve issues related to the Gorkhas and of the Darjeeling, Terrai and Dooars regions of West Bengal.One More Arrest In Case Of Farmers Run Over By Minister's Car In UPPress Trust of India   | Tuesday October 12, 2021, Lakhimpur Kheri                                                        
                                                        One more person has been arrested in connection with the Lakhimpur Kheri violence that killed eight protesters, including four farmers. The man was produced before a court which sent him to 14-day judicial custody.Over 96 Crore Covid Vaccine Doses Administered In India: Health MinistryPress Trust of India   | Tuesday October 12, 2021, New Delhi                                                        
                                                        The cumulative COVID-19 vaccine doses administered in the country surpassed 96 crore on Tuesday, the Union Health Ministry said.15678910111213...14Trending Alert At Airports For Man Who Took Viral Selfie With Aryan Khan""Aryan Khan Wasn't Even On The Cruise, Nothing Found On Him,"" Court Told""Attack On Federalism"": Punjab Chief Minister Wants BSF Order Rolled BackHumorStaying 'Pawsitive' With Madhuri Dixit15 SlidesEntertainmentA Celebrity Guide To Durga Puja Fashion17 SlidesCelebAmitabh Bachchan's Stylish Eyewear10 SlidesAdvertisementAdvertisementAdvertisement................................ Advertisement ................................About UsAdvertiseNews AlertArchivesAppsCareersChannelsDisclaimerFeedbackInvestorsOmbudsmanRedressalsService TermsThis website follows the DNPA Code of Ethics © COPYRIGHT NDTV CONVERGENCE LIMITED 2021. ALL RIGHTS RESERVED.livetvarrowprintemailchatlinkedinredditWhatsAppfacebooktwittermorenotificationsearchsnapchatkooListen to the latest songs, only on JioSaavn.com
"
9,"India News: Today's latest updates and breaking news from India, Live India News - NDTV.com | Page 10
NDTVहिन्दीBUSINESSMOVIESCRICKETTECHFOODCRYPTOWEB STORIESEDUCATIONAUTOSWASTHLIFESTYLEHEALTHSHOPPINGARTLIVE TV LATEST COVID-19 INDIA VIDEO OPINION WORLD CITIES OFFBEAT TRENDS Photos SOUTHPEOPLEScienceJobsWEATHERTV ScheduleTrainsSearchHomeIndia NewsIndia NewsLaser Lights Show At Kolkata's 'Burj Khalifa' Stopped. Here's Why
															Reported by Monideepa Banerjie, Edited by Saikat Kumar Bose  | Tuesday October 12, 2021, Kolkata                                                        
                                                        A laser light show at a Kolkata Durga Puja pandal modelled on Dubai's Burj Khalifa was stopped today after the pandal started drawing huge crowds.High Court Pulls Up Delhi Government In Cases Pending Against JuvenilesPress Trust of India   | Tuesday October 12, 2021, New Delhi                                                        
                                                        High Court pulled up the Delhi government for not taking steps to comply with its order for terminating, with immediate effect, all cases where inquiries are pending against minors in alleged petty offences before the Juvenile Justice Boards.Prevent Afghanistan From Becoming Source Of Terrorism: PM Modi At G20 SummitPress Trust of India   | Tuesday October 12, 2021, New Delhi                                                        
                                                        PM Narendra Modi on Tuesday called on the international community to ensure that Afghan territory does not become a source of radicalisation and terrorism, and pitched for a united global response to bring about the desired change in that country.PM Modi To Launch GatiShakti To Boost Infrastructure Development TodayPress Trust of India   | Tuesday October 12, 2021, New Delhi                                                        
                                                        Prime Minister Narendra Modi will launch PM GatiShakti-National Master Plan, which seeks to address the issue of a lack of coordination among various agencies by institutionalising holistic planning, today for multi-modal connectivity.Durga Puja: Roads Crowded As Bengal Soaks In Festive Spirit On 'Mahasaptami'Press Trust of India   | Tuesday October 12, 2021, Kolkata                                                        
                                                        West Bengal on Tuesday soaked in the festive spirit of Durga Puja on 'Mahasaptami', as devotees began the day with traditional rituals and revellers made a beeline for popular marquees across the state.""Understandable Concern"": India Flags Why Afghanistan Is A PriorityPress Trust of India   | Tuesday October 12, 2021, Nur-Sultan (Kazakhstan)                                                        
                                                        India said on Tuesday that the recent developments in Afghanistan have generated ""understandable concern"" in the region.Man Lost Bag With Rs 1 Lakh At Delhi Metro, Here's How He Got It Back
															Reported by Neeta Sharma, Edited by Akhil Kumar  | Tuesday October 12, 2021, New Delhi                                                        
                                                        A lost bag containing over Rs. 1 lakh and valuables were returned to its owner who forgot to pick it up from the x-ray machine at a metro station in Delhi.Terrorists Were Present In Area For 3 Months: J&K Police On Poonch AttackPress Trust of India   | Tuesday October 12, 2021, Jammu                                                        
                                                        Terrorists involved in the attack on security forces in Jammu's Poonch district that killed five army personnel were present in the area for two to three months, Jammu and Kashmir Police said on Tuesday.Maharashtra Leader Eknath Khadse's Wife Denied Bail In Pune Land Deal CaseAsian News International   | Tuesday October 12, 2021, New Delhi                                                        
                                                        A special court has rejected the anticipatory bail application of Mandakini Khadse, wife of Nationalist Congress Party leader Eknath Khadse, an accused in 2016 Pune land deal case.Evaluation Underway, Says Centre On Covid Vaccine For Children In IndiaAsian News International   | Tuesday October 12, 2021, New Delhi                                                        
                                                        Covid vaccine for children is currently being evaluated, Union Minister of State for Health and Family Welfare Bharati Pravin Pawar said Tuesday, adding, the vaccine will be launched after expert recommendation and approval from the drug regulator.Navjot Sidhu In Delhi On Thursday To Discuss ""Organisational Matters""
															Edited by Anindita Sanyal  | Tuesday October 12, 2021, New Delhi                                                        
                                                        Cricketer-turned politician Navjot Sidhu will meet Congress general secretary KC Venugopal and Harish Rawat in Delhi on Thursday. The meeting comes amid an uncomfortable truce between him and the new Punjab Chief Minister Charanjit Singh Channi.Delhi Urges Centre To Specify Covid Rules For Chhath As BJP Ups Pressure
															Edited by Saikat Kumar Bose  | Tuesday October 12, 2021, New Delhi                                                        
                                                        With the BJP stepping up its protests against the ban on Chhath Puja celebrations with an eye on the Purvanchali vote bank, the Delhi government has now written to the centre to issue guidelines to observe the festival amid the pandemic.Former Higher Education Secretary Amit Khare Appointed Adviser To PM ModiPress Trust of India   | Tuesday October 12, 2021, New Delhi                                                        
                                                        Former bureaucrat Amit Khare has been appointed as advisor to Prime Minister Narendra Modi for two years on contract basis.Gurmeet Ram Rahim's Sentencing In Murder Case Deferred Till MondayPress Trust of India   | Tuesday October 12, 2021, Chandigarh                                                        
                                                        A special CBI court in Panchkula today deferred till October 18 the pronouncement of quantum of punishment to Dera Sacha Sauda head Gurmeet Ram Rahim Singh and four others in a murder caseNo Load Shedding But ""Emergency"" To Continue, Says Maharashtra Minister
															Edited by Akhil Kumar  | Tuesday October 12, 2021, Mumbai                                                        
                                                        Maharashtra Energy minister Nitin Kashinath Raut said that there'd be no load shedding or shortage of power supply in the state, while also stressing that this ""emergency"" situation will continue for the next two months.15678910111213...14Trending Alert At Airports For Man Who Took Viral Selfie With Aryan Khan""Aryan Khan Wasn't Even On The Cruise, Nothing Found On Him,"" Court Told""Attack On Federalism"": Punjab Chief Minister Wants BSF Order Rolled BackHumorStaying 'Pawsitive' With Madhuri Dixit15 SlidesEntertainmentA Celebrity Guide To Durga Puja Fashion17 SlidesCelebAmitabh Bachchan's Stylish Eyewear10 SlidesAdvertisementAdvertisementAdvertisement................................ Advertisement ................................About UsAdvertiseNews AlertArchivesAppsCareersChannelsDisclaimerFeedbackInvestorsOmbudsmanRedressalsService TermsThis website follows the DNPA Code of Ethics © COPYRIGHT NDTV CONVERGENCE LIMITED 2021. ALL RIGHTS RESERVED.livetvarrowprintemailchatlinkedinredditWhatsAppfacebooktwittermorenotificationsearchsnapchatkooListen to the latest songs, only on JioSaavn.com
"
